dna_code;filtered_dataset;cavity_dataset;nestbox_dataset;explanation;year;nest_type;site;nestbox_id;d15_standardised;d15_1st_brood;nest_id;species;ring_id;weight_d15;tarsus;hatch_date;d15_day;hour;fledged;brood_nr;urban_status;habitat_type;ISA;ISA_group;latitude;longitude;human_presence;temperature;distance_city;light;NDVI;sound;closest_road;closest_path;tree_cover;plate_no;plate_well;index_1;index_2;dna_concentration;total_reads;Sample_or_Control
BM067;yes;yes;yes;NA;2018;BOX;BIB;BIB11;-0.711538542;-0.876580874;161351;BT;K7V4789;11.6;15.8;34;48;10:40;1;1;urban;urban_forest;2.375;low;52.29975;20.95099;0.5;17.38;8468.13;2118.529;0.84443;59.908;132;26.1;50.7973;1;C09;N726;S505;9.9029;4199;Sample
BM001;yes;yes;yes;NA;2018;BOX;BIB;BIB13;0.020927604;0.201182496;161353;BT;K7V5713;10.4;16;39;53;NA;1;1;urban;urban_forest;0;low;52.29927;20.95132;0.3;17.38;8410.37;1575.424;0.86244;56.858;171;1.7;55.52;1;A01;N716;S502;68.5646;29474;Sample
BM016;yes;yes;yes;NA;2018;BOX;BIB;BIB14;0.753393751;1.278945865;161354;BT;K8Y6197;10.1;16.3;44;58;12:43;1;1;urban;urban_forest;0;low;52.29911;20.95227;0;17.38;8364.67;1239.895;0.86929;57.417;162.7;39.6;56.1842;1;H02;N718;S511;58.5983;2602;Sample
BM028;yes;yes;yes;NA;2018;BOX;BIB;BIB25;-0.418552084;-0.445475526;161366;BT;K7V4954;12.6;16.4;36;50;13:00;1;1;urban;urban_forest;0;low;52.29867;20.95231;0.15;17.38;8319.94;1344.4;0.87043;55.442;206.2;21.2;57.4722;1;D04;N720;S506;32.3478;7998;Sample
BM063;yes;yes;yes;NA;2018;BOX;BIB;BIB27;-0.418552084;-0.445475526;161368;BT;K7V5622;12;16.5;36;50;12:02;1;1;urban;urban_forest;0;low;52.29893;20.95098;0.05;17.38;8387.7;1821.568;0.85252;55.475;216.4;34.1;56.1067;1;G08;N724;S510;23.895;6157;Sample
BM059;yes;yes;yes;NA;2018;BOX;BIB;BIB40;0.313914063;0.632287843;161383;BT;K8Y6153;10.5;16.8;41;55;14:06;1;1;urban;urban_forest;0;low;52.29811;20.95094;0.2;17.38;8308.46;1623.749;0.84427;55.058;300.5;46.8;62.3288;1;C08;N724;S505;60.8129;9519;Sample
BM029;yes;yes;yes;NA;2019;BOX;BIB;BIB51;1.833403405;NA;161834;BT;K4Z3130;11.7;17.3;60;74;08:30;1;2;urban;urban_forest;0;low;52.29721;20.9522;0.05;17.25;8179.63;1489.056;0.86765;56.492;359.8;6.1;68.1579;1;E04;N720;S507;40.2778;11163;Sample
BM047;yes;yes;yes;NA;2018;BOX;BIB;BIB52;-0.272058854;-0.229922852;161396;BT;K7V4975;12.6;17.4;37;51;NA;1;1;urban;urban_forest;0;low;52.29761;20.95196;0.05;17.38;8226.61;1506.848;0.86808;53.333;322.9;9.1;65.1558;1;G06;N722;S510;56.7176;10187;Sample
BM022;yes;yes;yes;NA;2018;BOX;BIB;BIB53;2.657805732;4.081130625;161397;BT;K8Y6243;8.9;15.5;57;71;10:40;0;1;urban;urban_forest;0;low;52.29718;20.95289;0;17.25;8154.67;1554.695;0.87141;52;346.1;50.8;68.9079;1;F03;N719;S508;43.0975;8516;Sample
BM072;yes;yes;yes;NA;2018;BOX;BIB;BIB57;-0.565045313;-0.6610282;161401;BT;K7V4941;10.4;15.6;35;49;12:20;1;1;urban;urban_forest;0;low;52.29616;20.9537;1.05;17.25;8028.49;1552.609;0.87266;53.758;202.3;11;70.3816;1;H09;N726;S511;62.3348;7526;Sample
BM006;yes;yes;yes;NA;2018;BOX;BIB;BIB58;0.460407292;0.847840517;161402;BT;K8Y6130;10.6;16.3;42;56;11:40;1;1;urban;urban_forest;0;low;52.29658;20.9536;0.55;17.25;8073.04;1582.104;0.87449;51.633;252.5;10.9;68.4306;1;F01;N716;S508;20.1895;18057;Sample
BM011;yes;yes;yes;NA;2018;BOX;BIB;BIB6;-0.565045313;-0.6610282;161404;BT;K7V5604;11.4;16.4;35;49;11:00;1;1;urban;urban_forest;4.0947;high;52.29912;20.95499;0.5;17.42;8282.19;2210.55;0.80599;64.442;89.3;12.2;55.6579;1;C02;N718;S505;63.5735;10737;Sample
BM031;yes;yes;yes;NA;2019;BOX;BIB;BIB60;-0.463820432;-0.372052172;161844;BT;K4Z2143;8.1;19.3;35;49;12:50;1;1;urban;urban_forest;0;low;52.29684;20.95431;0.8;17.25;8076.39;1802.896;0.87416;53.125;264.7;3.4;65.2535;1;G04;N720;S510;63.2166;17396;Sample
BM026;yes;yes;yes;NA;2019;BOX;BIB;BIB64;-0.371931478;-0.124017391;161848;BT;K4Z2761;10.5;16.3;36;50;NA;1;1;urban;urban_forest;0;low;52.29684;20.95498;0.25;17.25;8055.56;1838.868;0.87348;52.725;225.4;35.7;63.4286;1;B04;N720;S503;20.9319;12643;Sample
BM044;yes;yes;yes;NA;2018;BOX;BIB;BIB7;-0.858031772;-1.092133548;161411;BT;K7V4930;11.1;17.5;33;47;11:35;1;1;urban;urban_forest;2.9885;high;52.29928;20.95431;0.65;17.42;8318.69;2352.244;0.79978;62.367;90.5;1.9;55.0139;1;D06;N722;S506;37.5209;2932;Sample
BM018;yes;yes;yes;NA;2018;BOX;BIB;BIB8;-0.418552084;-0.445475526;161412;BT;K7V4961;10.8;16.4;36;50;14:12;1;1;urban;urban_forest;2.0585;low;52.29934;20.95361;0.8;17.42;8346;2001.876;0.82632;64.825;104;2.3;54.8533;1;B03;N719;S503;37.0744;6181;Sample
BM113;yes;yes;yes;NA;2019;BOX;BIB;BIB8;-0.280042525;0.124017391;161851;BT;K4Z2238;10.8;17;37;51;06:38;1;1;urban;urban_forest;2.0585;low;52.29934;20.95361;0.8;17.42;8346;2001.876;0.82632;64.825;104;2.3;54.8533;2;B03;N719;S503;53.1568;5098;Sample
BM056;yes;yes;no;NA;2018;NAT;BIE;BT12;NA;NA;NA;BT;K8Y6109;10.8;16.9;38;51;NA;1;1;urban;urban_forest;0.8052;low;52.29354;20.96097;NA;NA;7542.44;1380;NA;NA;322.5;8.3;54.8961;1;H07;N723;S511;60.6714;20639;Sample
BM061;yes;yes;no;NA;2018;NAT;BIE;BT15;NA;NA;NA;BT;K7V5818;11.1;16.9;39;53;NA;1;1;urban;urban_forest;0;low;52.29081;20.95141;NA;NA;7566.37;2580;NA;NA;14.4;3.2;57.7143;1;E08;N724;S507;36.1438;10050;Sample
BM106;yes;yes;no;NA;2019;NAT;BIE;BT21;NA;NA;NA;BT;K4Z2173;10.2;16;31;45;NA;1;1;urban;urban_forest;0;low;52.29227;20.95338;NA;NA;7643.67;1990;NA;NA;68.7;18.9;65.8267;2;C02;N718;S505;24.303;1698;Sample
BM027;yes;yes;no;NA;2019;NAT;BIE;BT27;NA;NA;NA;BT;K4Z2783;11.4;16.7;36;50;NA;1;1;urban;urban_forest;14.6104;high;52.2945;20.95917;NA;NA;7690.3;1260;NA;NA;159.6;3.7;35.6623;1;C04;N720;S505;18.6812;16454;Sample
BM042;yes;yes;no;NA;2018;NAT;BIE;BT27;NA;NA;NA;BT;K7V5774;11;16.9;36;50;NA;1;1;urban;urban_forest;0;low;52.2935;20.95649;NA;NA;7668.45;1390;NA;NA;134.5;2.8;60.9487;1;B06;N722;S503;27.8184;12610;Sample
BM068;no;no;no;replicate;2018;NAT;BIE;BT27;NA;NA;NA;BT;K7V5768;10.9;16.8;36;50;NA;1;1;urban;urban_forest;NA;high;52.2935;20.95649;NA;NA;NA;NA;NA;NA;NA;NA;NA;1;D09;N726;S506;22.4581;12073;Sample
BM052;yes;yes;no;NA;2018;NAT;BIE;BT29;NA;NA;NA;BT;K8Y6209;10.8;16.9;42;58;NA;1;1;urban;urban_forest;1.4935;low;52.29378;20.96224;NA;NA;7531.9;1260;NA;NA;252.4;9.7;56.2208;1;D07;N723;S506;52.7834;14098;Sample
BM008;yes;yes;no;NA;2018;NAT;BIE;BT3;NA;NA;NA;BT;K7V5783;12.2;17.2;36;50;NA;1;1;urban;urban_forest;0;low;52.29315;20.95936;NA;NA;7548.71;1260;NA;NA;277.1;1.2;54.2133;1;H01;N716;S511;77.1553;13042;Sample
BM030;yes;yes;no;NA;2019;NAT;BIE;BT30;NA;NA;NA;BT;K4Z2314;11.9;17.4;35;50;NA;1;1;urban;urban_forest;0;low;52.29416;20.95709;NA;NA;7716.46;1390;NA;NA;90.1;8.9;58.0933;1;F04;N720;S508;46.5194;8393;Sample
BM058;yes;yes;no;NA;2018;NAT;BIE;BT32;NA;NA;NA;BT;K8Y6116;11.1;16.5;38;51;NA;1;1;urban;urban_forest;5.75;high;52.29407;20.95923;NA;NA;7645.18;1260;NA;NA;197.7;13.5;47.7237;1;B08;N724;S503;46.7069;17205;Sample
BM084;yes;yes;no;NA;2019;NAT;BIE;BT34;NA;NA;NA;BT;K4Z2163;12.3;16.9;31;45;NA;1;1;urban;urban_forest;0;low;52.29004;20.95236;NA;NA;7460;2410;NA;NA;109.6;7.7;62.3846;1;D11;N728;S506;24.082;8798;Sample
BM109;yes;yes;no;NA;2019;NAT;BIE;BT35;NA;NA;NA;BT;K4Z2341;10.2;16.1;38;51;NA;1;1;urban;urban_forest;0;low;52.29329;20.95633;NA;NA;7652.36;1390;NA;NA;151.8;18.4;61.6364;2;F02;N718;S508;36.8861;3209;Sample
BM046;yes;yes;no;NA;2018;NAT;BIE;BT40;NA;NA;NA;BT;K7V5869;13.8;17.5;37;54;NA;1;1;urban;urban_forest;0;low;52.29239;20.95531;NA;NA;7594.42;1400;NA;NA;182.8;15.6;64.8267;1;F06;N722;S508;40.3256;18391;Sample
BM025;yes;yes;no;NA;2019;NAT;BIE;BT41;NA;NA;NA;BT;K4Z2352;11;16.8;39;53;NA;1;1;urban;urban_forest;0;low;52.29361;20.95798;NA;NA;7635.11;1390;NA;NA;175.5;9;57.4133;1;A04;N720;S502;38.1088;11905;Sample
BM101;yes;yes;no;NA;2019;NAT;BIE;BT42;NA;NA;NA;BT;K4Z2360;10.6;17.3;38;53;NA;1;1;urban;urban_forest;0;low;52.29304;20.9546;NA;NA;7680.8;1390;NA;NA;96.6;4.9;66.1447;2;F01;N716;S508;69.4113;13500;Sample
BM094;yes;yes;no;NA;2019;NAT;BIE;BT45;NA;NA;NA;BT;K4Z2872;11.7;16.6;44;58;NA;1;1;urban;urban_forest;0;low;52.29452;20.95657;NA;NA;7767.91;1390;NA;NA;36.4;31.9;56.5263;1;F12;N729;S508;64.0484;19181;Sample
BM043;yes;yes;no;NA;2018;NAT;BIE;BT9;NA;NA;NA;BT;K7V5757;11.2;17.1;34;50;NA;1;1;urban;urban_forest;0;low;52.29202;20.95818;NA;NA;7470.05;1390;NA;NA;351.7;22.3;55.6974;1;C06;N722;S505;17.2075;5883;Sample
BM104;yes;no;yes;NA;2019;BOX;CMZ;CMZ10;0.271291196;1.612226079;161469;BT;K7V5290;11.6;16.1;43;57;13:30;1;1;urban;urban_woodland;14.2874;high;52.24567;20.96892;0.06;17.83;3082.04;6907.788;0.65026;60.3;186.4;27.4;32.0811;2;A02;N718;S502;73.0114;7272;Sample
BM055;yes;no;yes;NA;2018;BOX;CMZ;CMZ17;0.313914063;0.632287843;161228;BT;K7V6619;9.8;16.7;41;55;09:40;1;1;urban;urban_woodland;0;low;52.24644;20.97337;0;17.83;2865.74;2211.665;0.79576;61.5;301.9;2.8;73.75;1;G07;N723;S510;51.6539;26223;Sample
BM015;yes;no;yes;NA;2018;BOX;CMZ;CMZ20;-0.125565625;-0.014370178;161231;BT;K7V6569;10.6;16;36;52;16:00;1;1;urban;urban_woodland;0.7931;low;52.24679;20.97547;0;16.43;2769.46;2705.12;0.79162;63.55;172.8;15;67.9014;1;G02;N718;S510;41.5549;5301;Sample
BM014;yes;no;yes;NA;2018;BOX;CMZ;CMZ29;-0.711538542;-0.876580874;161240;BT;K7V6521;10.8;16.8;34;48;09:40;1;1;urban;urban_woodland;5.2378;high;52.24654;20.96937;0;17.83;3103.42;3025.412;0.82577;58.25;259;6;58.6528;1;F02;N718;S508;53.2925;11449;Sample
BM100;yes;no;yes;NA;2019;BOX;CMZ;CMZ45;-0.096264618;0.620086954;161504;BT;K4Z2283;11;16.7;39;53;13:10;1;1;urban;urban_woodland;0;low;52.24797;20.97375;0;17.83;2941.65;2321.164;0.85478;56.3;262.7;6;70.5139;2;E01;N716;S507;69.5508;16777;Sample
BM105;yes;no;yes;NA;2019;BOX;CMZ;CMZ46;-0.463820432;-0.372052172;161505;BT;K4Z2233;10.1;17.3;35;49;12:55;1;1;urban;urban_woodland;0;low;52.248;20.97304;0.33;17.83;2982.81;2399.048;0.85111;58.3;297.4;4.9;72.6351;2;B02;N718;S503;27.5514;2039;Sample
BM023;yes;no;yes;NA;2018;BOX;CMZ;CMZ50;0.020927604;0.201182496;161261;BT;K7V6595;9.2;16.5;39;53;12:55;0;1;urban;urban_woodland;0;low;52.24844;20.97281;0;17.83;3024.36;2207.839;0.85244;59.5;424.8;15.2;73.1389;1;G03;N719;S510;28.7597;9540;Sample
BM093;yes;no;yes;NA;2019;BOX;CMZ;CMZ53;-0.188153571;0.372052172;161512;BT;K4Z2243;10.2;16;38;52;11:10;1;1;urban;urban_woodland;5.8204;high;52.24873;20.975;0.28;17.83;2925.4;2422.177;0.81455;58.55;312.7;9;50.44;1;E12;N729;S507;71.6404;17288;Sample
BM083;yes;no;yes;NA;2019;BOX;CMZ;CMZ58;-0.096264618;0.620086954;161517;BT;K4Z2274;11.3;16.9;39;53;12:30;1;1;urban;urban_woodland;0;low;52.24881;20.97189;0;17.83;3099.37;2170.793;0.83515;58.85;419;3.1;60.8356;1;C11;N728;S505;44.2847;27134;Sample
BM057;yes;no;yes;NA;2018;BOX;CMZ;CMZ60;-0.125565625;-0.014370178;161271;BT;K7V5243;9.4;15.7;38;52;14:30;0;1;urban;urban_woodland;0.4072;low;52.24951;20.97284;0;17.83;3094.91;1965.389;0.84897;58.65;463;2.7;60.7867;1;A08;N724;S502;38.3247;9747;Sample
BM092;yes;no;yes;NA;2019;BOX;CMZ;CMZ62;0.179402242;1.364191298;161521;BT;K7V5284;10.9;16.9;42;56;14:40;1;1;urban;urban_woodland;0;low;52.24999;20.97225;0;17.83;3159.66;2293.102;0.8275;59.35;437.2;6.3;57.44;1;D12;N729;S506;69.8203;45806;Sample
BM033;yes;no;yes;NA;2018;BOX;CMZ;CMZ65;-0.125565625;-0.014370178;161276;BT;K7V6558;10.3;16.2;37;52;10:50;1;1;urban;urban_woodland;10.2398;high;52.25103;20.97355;0;17.83;3165.63;3689.569;0.82365;57.5;429.3;4;50.2464;1;A05;N721;S502;50.4669;22425;Sample
BM088;yes;no;yes;NA;2019;BOX;CMZ;CMZ66;0.087513289;1.116156516;161525;BT;K4Z2297;10.7;16.8;41;55;11:00;1;1;urban;urban_woodland;0.1294;low;52.25099;20.97247;0.72;17.83;3218.64;2277.845;0.82216;59.9;334.6;5.2;51.027;1;H11;N728;S511;62.2993;24860;Sample
BM069;yes;no;yes;NA;2018;BOX;CMZ;CMZ70;0.020927604;0.201182496;161281;BT;K7V6591;12.2;17;39;53;11:25;1;1;urban;urban_woodland;7.7118;high;52.25195;20.97384;0;17.83;3219.35;4391.899;0.78489;60.1;250.8;4.9;38.1081;1;E09;N726;S507;58.701;11218;Sample
BM002;yes;no;yes;NA;2018;BOX;CMZ;CMZ76;-0.711538542;-0.876580874;161287;BT;K7V6532;10.9;15.5;34;48;11:53;1;1;urban;urban_woodland;17.4192;high;52.24996;20.97475;0;17.83;3025.77;6198.035;0.69896;59.1;367.8;29.5;15.1507;1;B01;N716;S503;34.9922;24374;Sample
BM020;yes;no;yes;NA;2018;BOX;CMZ;CMZ88;0.020927604;0.201182496;161299;BT;K7V6586;6.3;14.4;39;53;10:43;0;1;urban;urban_woodland;32.125;high;52.24707;20.97744;0;16.43;2680.18;14889.686;0.59034;66.05;62.7;25.9;26.3194;1;D03;N719;S506;54.0998;18973;Sample
BM085;yes;no;yes;NA;2019;BOX;KPN;KPN101;-0.188153571;0.372052172;161701;BT;K4Z2450;9.6;15.9;38;52;09:28;1;1;rural;natural_forest;0;low;52.35571;20.79008;0;18.72;20261.08;878.171;0.67636;41.367;1335.9;37.3;74.9155;1;E11;N728;S507;40.3823;20024;Sample
BM062;yes;no;yes;NA;2018;BOX;KPN;KPN102;-0.272058854;-0.229922852;161153;BT;K7V6927;11.3;16.8;37;51;12:00;1;1;rural;natural_forest;0;low;52.35555;20.79066;0;17.03;20219.94;765.296;0.67962;39.4;1373.1;3.8;75.5493;1;F08;N724;S508;65.1586;15036;Sample
BM087;yes;no;yes;NA;2019;BOX;KPN;KPN103;-0.280042525;0.124017391;161703;BT;K4Z2630;9.6;15.5;37;51;08:45;1;1;rural;natural_forest;0;low;52.35506;20.79076;0;17.03;20178.04;787.016;0.72033;42.017;1418.3;14.3;74.4605;1;G11;N728;S510;24.2907;7666;Sample
BM111;no;no;no;LQ;2019;BOX;KPN;KPN107;NA;NA;161707;BT;K8Y6641;11.9;16.7;42;56;10:48;1;1;rural;natural_forest;0;low;52.35546;20.78755;0;18.72;20369.64;1083.007;0.72071;38.425;1254.5;150.9;75.2027;2;H02;N718;S511;46.1569;54;Sample
BM115;yes;no;yes;NA;2019;BOX;KPN;KPN22;-0.371931478;-0.124017391;161621;BT;K4Z2483;9.9;19.7;36;50;08:45;1;1;rural;natural_forest;0;low;52.3546;20.78425;0;18.08;20473.15;1006.265;0.78517;37.608;1230.7;51.3;68.8986;2;D03;N719;S506;7.8674;1782;Sample
BM097;yes;no;yes;NA;2019;BOX;KPN;KPN49;-0.096264618;0.620086954;161648;BT;K4Z2431;11.3;16.3;39;53;10:00;1;1;rural;natural_forest;0;low;52.35739;20.79082;0;18.72;20351.17;772.859;0.64143;39.85;1228.8;64.1;79.1216;2;B01;N716;S503;30.7671;2579;Sample
BM103;yes;no;yes;NA;2019;BOX;KPN;KPN67;-0.004375664;0.868121735;161667;BT;K8Y6607;11.7;16.6;40;54;11:30;1;1;rural;natural_forest;0;low;52.35637;20.78571;0;18.08;20530.53;1076.761;0.68146;40.383;1098;127.8;78.1892;2;H01;N716;S511;79.304;1172;Sample
BM054;yes;no;yes;NA;2018;BOX;KPN;KPN72;0.606900521;1.063393191;161122;BT;K7V6765;11.6;16.7;43;57;06:30;1;1;rural;natural_forest;0;low;52.3572;20.78691;0;18.72;20532.3;876.148;0.65898;37.433;1064.4;12.8;78.1892;1;F07;N723;S508;45.5478;13800;Sample
BM003;yes;no;yes;NA;2018;BOX;KPN;KPN81;0.313914063;0.632287843;161131;BT;K7V6728;11.2;16.8;41;55;10:00;1;1;rural;natural_forest;0;low;52.35593;20.78787;0;18.72;20388.68;1109.964;0.69034;38.667;1220.4;94.3;76.5;1;C01;N716;S505;11.7913;22238;Sample
BM082;yes;no;yes;NA;2019;BOX;KPN;KPN82;-0.004375664;0.868121735;161682;BT;K4Z2406;10.3;16.3;40;54;09:58;1;1;rural;natural_forest;0;low;52.35634;20.7881;0;18.72;20407.88;983.223;0.66387;39.35;1197.4;45.7;77.9333;1;B11;N728;S503;49.5933;15961;Sample
BM060;yes;no;yes;NA;2018;BOX;KPN;KPN92;0.606900521;1.063393191;161142;BT;K7V6784;12.6;17.6;43;57;09:38;1;1;rural;natural_forest;0;low;52.35638;20.78954;0;18.72;20338.64;953.696;0.65723;38.583;1256.4;17.7;77.2394;1;D08;N724;S506;87.1618;13524;Sample
BM004;yes;no;yes;NA;2018;BOX;KPN;KPN94;0.606900521;1.063393191;161145;BT;K7V6798;11;15.6;43;57;10:47;1;1;rural;natural_forest;0;low;52.35731;20.78992;0;18.72;20389.95;742.397;0.63299;41.183;1196.3;5.1;78.4583;1;D01;N716;S506;68.9452;14347;Sample
BM074;yes;no;yes;NA;2018;BOX;LOL;LOL10;-0.272058854;-0.229922852;161036;BT;K7V6354;12.8;17.1;37;51;16:27;1;1;urban;urban_woodland;13.4583;high;52.26978;20.95929;1.15;18.74;5353.18;4151.617;0.76809;66.225;104.6;6.3;51.6623;1;B10;N727;S503;35.3838;14534;Sample
BM070;yes;no;yes;NA;2018;BOX;LOL;LOL16;-0.418552084;-0.445475526;161042;BT;K7V6338;12.5;17.6;36;50;13:43;1;1;urban;urban_woodland;9.1138;high;52.26981;20.9585;0.95;18.74;5389.75;3354.208;0.77415;62.542;171.3;15.7;35.5867;1;F09;N726;S508;40.8592;11570;Sample
BM077;yes;no;yes;NA;2018;BOX;LOL;LOL20;0.753393751;1.278945865;161046;BT;K7V4845;7.4;15.5;44;58;15:56;0;1;urban;urban_woodland;20.2471;high;52.27057;20.95999;1.1;18.74;5392.46;9322.748;0.54991;65.5;120.9;4.9;18.7606;1;E10;N727;S507;70.7392;31805;Sample
BM036;yes;no;yes;NA;2018;BOX;MUR;MUR20;0.020927604;0.201182496;161322;BT;K7V6583;6.6;14.9;39;53;10:00;0;1;urban;residential_area;39.8497;high;52.24692;20.98593;1.6;19.07;2238.18;11843.503;0.41481;66.083;42.8;5;2.8194;1;D05;N721;S506;49.431;22173;Sample
BM053;yes;no;yes;NA;2018;BOX;MUR;MUR21;-0.418552084;-0.445475526;161323;BT;K7V6549;10.3;16;36;50;11:10;1;1;urban;residential_area;41.7337;high;52.24658;20.98534;7.95;19.07;2239.05;13730.326;0.40913;70.1;24.8;3.5;1.9324;1;E07;N723;S507;73.3662;21673;Sample
BM116;yes;no;yes;NA;2019;BOX;MUR;MUR39;2.752292939;NA;161452;BT;K8Y6740;9.7;16.2;70;84;09:55;1;2;urban;residential_area;42.9464;high;52.24938;20.98616;2.55;19.07;2434.5;15065.994;0.41682;69.758;4.5;6.8;1.5714;2;E03;N719;S507;33.1025;4682;Sample
BM012;yes;no;yes;NA;2018;BOX;MUR;MUR6;-0.858031772;-1.092133548;161308;BT;K7V6516;9.5;16.2;33;47;16:38;1;1;urban;residential_area;36.9704;high;52.24854;20.98494;0.85;19.07;2416.78;7292.271;0.51599;59.517;30.1;5.6;6.2083;1;D02;N718;S506;59.9506;22714;Sample
BMNCE1;no;no;no;not_a_sample;NA;NA;NA;NA;NA;NA;NA;NA;NA;NA;NA;NA;NA;NA;NA;NA;NA;NA;NA;NA;NA;NA;NA;NA;NA;NA;NA;NA;NA;NA;NA;NA;B04;N720;S503;2.3867;1821;Control
BMNCE2;no;no;no;not_a_sample;NA;NA;NA;NA;NA;NA;NA;NA;NA;NA;NA;NA;NA;NA;NA;NA;NA;NA;NA;NA;NA;NA;NA;NA;NA;NA;NA;NA;NA;NA;NA;NA;C04;N720;S505;1.4128;1350;Control
BMNCP2;no;no;no;not_a_sample;NA;NA;NA;NA;NA;NA;NA;NA;NA;NA;NA;NA;NA;NA;NA;NA;NA;NA;NA;NA;NA;NA;NA;NA;NA;NA;NA;NA;NA;NA;NA;NA;D04;N720;S506;0.7947;3549;Control
BM071;yes;no;yes;NA;2018;BOX;OLO;OLO11;-0.565045313;-0.6610282;160980;BT;K7V5485;7.5;14.4;35;49;12:01;0;1;urban;residential_area;41;high;52.27411;20.9594;2.2;19.6;5732.01;9820.508;0.41671;65.35;8.6;2.7;8.4865;1;G09;N726;S510;75.5985;24210;Sample
BM017;yes;no;yes;NA;2018;BOX;OLO;OLO46;-0.711538542;-0.876580874;161019;BT;K7V5477;10.8;16.9;34;48;10:20;1;1;urban;residential_area;37.7441;high;52.27281;20.96221;0.7;20.08;5502.99;5764.606;0.37441;58.742;14.7;5.3;7.9583;1;A03;N719;S502;62.584;13113;Sample
BM076;yes;no;yes;NA;2018;BOX;PAL;PAL2;0.167420834;0.416735169;161164;BT;K7V5536;10.7;17.4;40;54;13:00;1;1;rural;peri-urban_village;5.5266;high;52.36492;20.77712;0.15;19.72;21605.18;2053.429;0.52717;49.942;7.8;2.3;32.6892;1;D10;N727;S506;18.9627;15046;Sample
BM024;yes;no;yes;NA;2019;BOX;PAL;PAL33;2.752292939;NA;161585;BT;K8Y6699;12.1;17.1;70;84;14:25;1;2;rural;peri-urban_village;1.8204;low;52.37227;20.78058;0.2;18.71;22003.57;1871.013;0.69196;62.3;5;0.9;0;1;H03;N719;S511;59.6591;25006;Sample
BM019;yes;no;yes;NA;2018;BOX;PAL;PAL35;-0.565045313;-0.6610282;161199;BT;K7V5199;12.8;17.2;35;49;09:25;1;1;rural;peri-urban_village;0.4083;low;52.3715;20.78013;0.65;18.71;21964.86;1973.033;0.65932;62.658;10;4.5;1.1644;1;C03;N719;S505;61.3375;11638;Sample
BM080;yes;no;yes;NA;2019;BOX;PAL;PAL39;-0.096264618;0.620086954;161591;BT;K4Z2422;11.1;16.8;39;53;14:02;1;1;rural;peri-urban_village;0.8765;low;52.36955;20.77925;0.4;18.71;21855.53;1753.742;0.72229;50.317;8.5;3;15.4054;1;H10;N727;S511;53.4379;21765;Sample
BM038;yes;no;yes;NA;2018;BOX;PAL;PAL44;-0.272058854;-0.229922852;161208;BT;K7V6936;12.6;16.7;37;51;09:00;1;1;rural;peri-urban_village;1.269;low;52.3685;20.77558;0.5;18.71;21954.64;1344.408;0.59045;46.717;29.6;5.6;18.3333;1;F05;N721;S508;21.0157;7280;Sample
BM050;yes;no;yes;NA;2018;BOX;PAL;PAL8;-0.418552084;-0.445475526;161171;BT;K7V5187;11.2;NA;36;50;14:30;1;1;rural;peri-urban_village;1.4606;low;52.36564;20.78276;0.45;19.72;21381.2;2192.102;0.60861;48.658;17.6;0.9;3.875;1;B07;N723;S503;33.9062;12179;Sample
BM086;yes;no;yes;NA;2019;BOX;POL;POL100;2.568515032;NA;161960;BT;K8Y6703;10.1;16.1;68;82;10:30;1;2;urban;urban_park;11.4699;high;52.21235;21.00335;1.4;19.17;2246.88;6818.175;0.67648;65.763;193.9;21;34.6;1;F11;N728;S508;40.4386;27598;Sample
BM098;yes;no;yes;NA;2019;BOX;POL;POL101;-0.096264618;0.620086954;161961;BT;K7V6858;12.1;16.1;39;53;10:20;1;1;urban;urban_park;11.8214;high;52.21238;21.00426;0.95;19.17;2234.8;5947.855;0.70508;62.525;132.6;10.8;39.9867;2;C01;N716;S505;65.8745;4921;Sample
BM078;yes;no;yes;NA;2018;BOX;POL;POL103;-0.272058854;-0.229922852;160936;BT;K7V5374;9;16.2;37;51;15:10;1;1;urban;urban_park;22.0651;high;52.21274;21.0049;1.65;19.17;2189.82;7998.01;0.6243;67.842;81.5;12.6;25.8267;1;F10;N727;S508;37.8971;26517;Sample
BM013;yes;no;yes;NA;2018;BOX;POL;POL18;-0.565045313;-0.6610282;160842;BT;K7V5347;9;16.8;35;49;08:30;1;1;urban;urban_park;25.1988;high;52.21663;21.00188;0.4;19.46;1800.21;10554.613;0.52254;74.533;24.6;12.9;14.6579;1;E02;N718;S507;77.2145;8934;Sample
BM119;yes;no;yes;NA;2019;BOX;POL;POL20;-1.107043106;-2.108295642;161872;BT;K4Z2002;9.1;16.3;28;42;09:20;1;1;urban;urban_park;34.1529;high;52.21675;21.00343;0.35;19.46;1763.73;12873.238;0.46234;73.858;20.5;8.1;12.0139;2;H03;N719;S511;85.9278;4714;Sample
BM096;yes;no;yes;NA;2019;BOX;POL;POL21;0.087513289;1.116156516;161873;BT;K7V6900;11.5;16.9;41;55;10:21;1;1;urban;urban_park;43.1588;high;52.21669;21.00437;0.75;19.46;1759;18165.745;0.35915;74.783;31.4;18.4;4.8194;2;A01;N716;S502;91.632;27907;Sample
BM090;yes;no;yes;NA;2019;BOX;POL;POL27;-0.463820432;-0.372052172;161880;BT;K4Z2507;9.5;14;35;49;09:00;1;1;urban;urban_park;6.25;high;52.21546;21.0012;0.2;19.46;1937.91;2399.045;0.75941;65.267;65.1;7.2;5.2;1;B12;N729;S503;45.1719;23747;Sample
BM049;yes;no;yes;NA;2018;BOX;POL;POL37;-0.565045313;-0.6610282;160862;BT;K7V6191;9.6;17;35;49;15:25;1;1;urban;urban_park;21.6767;high;52.21495;21.00277;0;19.46;1968.97;4900.955;0.65332;67.283;175.8;4.3;10.4342;1;A07;N723;S502;76.7255;26460;Sample
BM005;yes;no;yes;NA;2018;BOX;POL;POL4;0.313914063;0.632287843;160828;BT;K7V5545;10.7;16.5;41;55;14:40;1;1;urban;urban_park;6.1503;high;52.2141;20.998;0.65;19.46;2146.98;3384.147;0.75026;66.975;54.2;55.9;20.7465;1;E01;N716;S507;59.9493;14555;Sample
BM034;no;no;no;outlier;2018;BOX;POL;POL48;NA;NA;160874;BT;K7V5309;10.5;17;34;48;12:55;1;1;urban;urban_park;24.0947;high;52.21128;21.00621;1.55;19.17;2343.86;10888.224;0.67735;72.317;22.9;5;25.3919;1;B05;N721;S503;51.5854;16492;Sample
BM091;yes;no;yes;NA;2019;BOX;POL;POL48;-0.371931478;-0.124017391;161901;BT;K4Z2057;9.8;16.4;36;50;11:00;1;1;urban;urban_park;24.0947;high;52.21128;21.00621;1.55;19.17;2343.86;10888.224;0.67735;72.317;22.9;5;25.3919;1;C12;N729;S505;50.2532;19922;Sample
BM089;yes;no;yes;NA;2019;BOX;POL;POL50;-0.188153571;0.372052172;161903;BT;K4Z2100;11.9;17;38;52;11:30;1;1;urban;urban_park;21.9357;high;52.21066;21.00556;3.35;19.17;2415.91;13848.459;0.65332;74.85;32;4.2;22.8378;1;A12;N729;S502;66.4684;46406;Sample
BM010;yes;no;yes;NA;2018;BOX;POL;POL57;-0.272058854;-0.229922852;160884;BT;K7V5967;9.6;17.4;37;51;09:39;1;1;urban;urban_park;9.982;high;52.21013;21.00134;0.85;19.17;2514.06;7938.942;0.75582;63.475;59.5;16.4;44.7143;1;B02;N718;S503;31.3359;9159;Sample
BM117;no;no;no;outlier;2019;BOX;POL;POL57;NA;NA;161910;BT;K4Z2041;10.2;17.3;33;46;14:45;1;1;urban;urban_park;9.982;high;52.21013;21.00134;0.85;19.17;2514.06;7938.942;0.75582;63.475;59.5;16.4;44.7143;2;F03;N719;S508;41.187;15866;Sample
BM065;yes;no;yes;NA;2018;BOX;POL;POL58;-0.711538542;-0.876580874;160885;BT;K7V5902;8;16.1;34;48;07:50;1;1;urban;urban_park;10.2831;high;52.20997;21.00066;0.95;19.17;2540.84;7682.898;0.75491;66.933;53.9;11.7;38.2237;1;A09;N726;S502;61.1112;33102;Sample
BM114;yes;no;yes;NA;2019;BOX;POL;POL63;-0.923265199;-1.612226079;161917;BT;K4Z2011;8.2;15;30;44;10:08;0;1;urban;urban_park;6.0414;high;52.21015;20.99995;1.9;19.17;2531.93;4474.762;0.7918;64.492;53.8;43.2;37.1857;2;C03;N719;S505;15.3248;4724;Sample
BM075;yes;no;yes;NA;2018;BOX;POL;POL64;-0.565045313;-0.6610282;160891;BT;K7V5946;8.8;15.6;35;49;10:25;1;1;urban;urban_park;4.6358;high;52.21043;21.00038;0.2;19.17;2494.96;3883.836;0.83192;65.133;108.7;60.1;53.7042;1;C10;N727;S505;35.5798;3457;Sample
BM102;yes;no;yes;NA;2019;BOX;POL;POL65;-0.188153571;0.372052172;161920;BT;K7V6840;10.2;16.2;38;52;12:42;1;1;urban;urban_park;5.1183;high;52.21053;21.00111;0;19.17;2473.54;4906.791;0.823;62.458;106.9;48.3;59.1216;2;G01;N716;S510;68.6358;4513;Sample
BM041;yes;no;yes;NA;2018;BOX;POL;POL68;-0.125565625;-0.014370178;160895;BT;K7V5384;9.3;16.3;38;52;11:45;NA;1;urban;urban_park;2.759;high;52.21118;21.00307;1.6;19.17;2378.46;3328.049;0.82354;62.633;137.1;12.4;50.1795;1;A06;N722;S502;81.8718;15637;Sample
BM045;yes;no;yes;NA;2018;BOX;POL;POL70;-0.711538542;-0.876580874;160898;BT;K7V5911;10.7;17.2;34;48;10:00;1;1;urban;urban_park;6.3773;high;52.211;21.00405;4.3;19.17;2388.94;5864.607;0.80974;65.158;99.6;13.5;37.1842;1;E06;N722;S507;44.2774;11667;Sample
BM037;yes;no;yes;NA;2018;BOX;POL;POL76;0.020927604;0.201182496;160906;BT;K7V5933;7.9;15.2;39;53;09:40;0;1;urban;urban_park;1.3412;low;52.2118;21.00354;2.15;19.17;2305.45;3525.039;0.79494;62.667;193.5;15.8;47.4667;1;E05;N721;S507;56.5442;14762;Sample
BM079;yes;no;yes;NA;2018;BOX;POL;POL77;-0.272058854;-0.229922852;160907;BT;K7V5368;9;16.2;37;51;14:15;1;1;urban;urban_park;1.1361;low;52.21177;21.00288;2.75;19.17;2315.71;3611.003;0.7882;65.183;205;23.6;45.027;1;G10;N727;S510;39.9635;14951;Sample
BM099;yes;no;yes;NA;2019;BOX;POL;POL77;-0.004375664;0.868121735;161934;BT;K7V6878;9.8;16.9;40;54;12:00;1;1;urban;urban_park;1.1361;low;52.21177;21.00288;2.75;19.17;2315.71;3611.003;0.7882;65.183;205;23.6;45.027;2;D01;N716;S506;93.9528;10155;Sample
BM021;yes;no;yes;NA;2018;BOX;POL;POL81;-0.565045313;-0.6610282;160912;BT;K7V5939;9.9;16.4;35;49;09:50;1;1;urban;urban_park;0.1637;low;52.21088;21.00011;3.8;18.24;2450.36;2360.321;0.80927;62.742;162.3;5.8;53.7361;1;E03;N719;S507;30.9628;20100;Sample
BM112;yes;no;yes;NA;2019;BOX;POL;POL89;-0.371931478;-0.124017391;161947;BT;K4Z2064;10.6;16.4;36;50;13:18;1;1;urban;urban_park;11.6868;high;52.21254;21.00055;0.75;18.24;2263.76;2826.394;0.69881;66.075;256.3;28.4;19.0658;2;A03;N719;S502;37.7414;6842;Sample
BM035;yes;no;yes;NA;2018;BOX;POL;POL90;-0.565045313;-0.6610282;160921;BT;K7V3641;17.4;17.4;35;49;13:50;0;1;urban;urban_park;16.2381;high;52.21266;21.00131;0.1;18.24;2238.93;5376.591;0.67498;68.3;310.6;33.1;10.1806;1;C05;N721;S505;73.6078;29913;Sample
BM118;no;no;no;outlier;2019;BOX;POL;POL90;NA;NA;161949;BT;K4Z2073;9.5;16.1;36;50;14:00;1;1;urban;urban_park;16.2381;high;52.21266;21.00131;0.1;18.24;2238.93;5376.591;0.67498;68.3;310.6;33.1;10.1806;2;G03;N719;S510;46.2791;6045;Sample
BM064;yes;no;yes;NA;2018;BOX;POL;POL92;-0.463820432;-0.372052172;160923;BT;K7V5565;9.5;16.2;42;56;12:00;1;1;urban;urban_park;4.494;high;52.21194;21.00015;1.05;18.24;2335.13;2851.559;0.77292;62.058;231;6;42.5135;1;H08;N724;S511;57.5481;7950;Sample
BM107;yes;no;yes;NA;2019;BOX;POL;POL92;0.460407292;0.847840517;161951;BT;K4Z2508;8.7;14.2;35;49;09:46;1;1;urban;urban_park;4.494;high;52.21194;21.00015;1.05;18.24;2335.13;2851.559;0.77292;62.058;231;6;42.5135;2;D02;N718;S506;57.0535;4144;Sample
BM073;yes;no;yes;NA;2018;BOX;POL;POL93;-1.004525001;-1.307686221;160924;BT;K7V3673;11.3;17;32;46;11:25;0;1;urban;urban_park;3.9036;high;52.21192;20.99947;0.15;18.24;2348.98;2867.856;0.74785;62.825;186.4;13;41.5325;1;A10;N727;S502;45.9535;18660;Sample
BM110;yes;no;yes;NA;2019;BOX;POL;POL93;-0.188153571;0.372052172;161952;BT;K4Z2079;9.2;15.3;38;52;07:50;1;1;urban;urban_park;3.9036;high;52.21192;20.99947;0.15;18.24;2348.98;2867.856;0.74785;62.825;186.4;13;41.5325;2;G02;N718;S510;41.6993;1856;Sample
BM095;yes;no;yes;NA;2019;BOX;POL;POL94;-0.739487292;-1.116156516;161953;BT;K4Z2027;10.3;17.1;32;46;14:00;1;1;urban;urban_park;0.5689;low;52.21144;20.99942;0.45;18.24;2401.46;2499.062;0.80299;63.033;202.3;22.8;48.5;1;G12;N729;S510;54.5847;25071;Sample
BM108;yes;no;yes;NA;2019;BOX;POL;POL97;-0.188153571;0.372052172;161956;BT;K4Z2086;8.9;16.1;38;52;08:50;1;1;urban;urban_park;4.4556;high;52.21202;21.00125;3.05;18.24;2309.36;3389.249;0.75305;65.658;261;19.1;31.7432;2;E02;N718;S507;51.3511;9120;Sample
BM120;yes;no;yes;NA;2019;BOX;UNI;UNI13;-0.004375664;0.868121735;161978;BT;K7V6886;10.2;16.5;40;54;13:40;1;1;urban;office_area;55.8072;high;52.21274;20.98249;1.15;19.38;2807.15;13447.628;0.39088;69.183;12.2;3.3;1.7237;2;A04;N720;S502;47.348;14965;Sample
BM040;yes;no;yes;NA;2018;BOX;UNI;UNI20;0.313914063;0.632287843;160960;BT;K7V5551;8.3;13.3;41;55;18:00;1;1;urban;office_area;42.0422;high;52.21399;20.98774;0.5;19.38;2480.03;12502.105;0.42234;68.525;4.8;1.8;4.0933;1;H05;N721;S511;91.0375;11859;Sample
